CREATE DATABASE EasyDelivery;
USE EasyDelivery;
CREATE TABLE PERSON (
    P_ID INT NOT NULL auto_increment,
    First_name VARCHAR(30),
    Middle_name VARCHAR(30),
    Last_name VARCHAR(30),
    Date_of_birth DATE,
    Address VARCHAR(30),
    PRIMARY KEY (P_ID)
);
INSERT INTO `person` (`P_ID`, `First_name`, `Middle_name`, `Last_name`, `Date_of_birth`, `Address`)VALUES (NULL,'Jackie', NULL,'Billy','1970-05-020','4714 JasonJill Street');
INSERT INTO `person` (`P_ID`, `First_name`, `Middle_name`, `Last_name`, `Date_of_birth`, `Address`)VALUES (NULL,'Jester', NULL,'James','1995-04-05','503 TawnyTimmy Street');
INSERT INTO `person` (`P_ID`, `First_name`, `Middle_name`, `Last_name`, `Date_of_birth`, `Address`)VALUES (NULL,'Tammy', NULL,'Billy','1950-08-018','4841 JarnoldJackie Street');
INSERT INTO `person` (`P_ID`, `First_name`, `Middle_name`, `Last_name`, `Date_of_birth`, `Address`)VALUES (NULL,'Tawny', NULL,'Tron','1974-03-017','976 TronJester Street');
INSERT INTO `person` (`P_ID`, `First_name`, `Middle_name`, `Last_name`, `Date_of_birth`, `Address`)VALUES (NULL,'Jason', NULL,'Simon','1963-07-020','4456 SaulJack Street');
INSERT INTO `person` (`P_ID`, `First_name`, `Middle_name`, `Last_name`, `Date_of_birth`, `Address`)VALUES (NULL,'Brawny', NULL,'Tammy','2004-08-020','4669 BrawnySaul Street');
INSERT INTO `person` (`P_ID`, `First_name`, `Middle_name`, `Last_name`, `Date_of_birth`, `Address`)VALUES (NULL,'Baluga', NULL,'Jester','2000-06-02','4206 JasonSink Street');
INSERT INTO `person` (`P_ID`, `First_name`, `Middle_name`, `Last_name`, `Date_of_birth`, `Address`)VALUES (NULL,'Billy', NULL,'Sangria','2006-04-04','3460 JackBranson Street');
INSERT INTO `person` (`P_ID`, `First_name`, `Middle_name`, `Last_name`, `Date_of_birth`, `Address`)VALUES (NULL,'Tammy', NULL,'Jack','1970-02-025','2428 SanjiJason Street');
INSERT INTO `person` (`P_ID`, `First_name`, `Middle_name`, `Last_name`, `Date_of_birth`, `Address`)VALUES (NULL,'Tammy', NULL,'Sangria','2008-03-010','297 JackJester Street');
INSERT INTO `person` (`P_ID`, `First_name`, `Middle_name`, `Last_name`, `Date_of_birth`, `Address`)VALUES (NULL,'Sink', NULL,'Jaquan','1986-08-012','794 JillBaluga Street');
INSERT INTO `person` (`P_ID`, `First_name`, `Middle_name`, `Last_name`, `Date_of_birth`, `Address`)VALUES (NULL,'Jill', NULL,'Shaun','1972-02-06','4513 TammyJill Street');
INSERT INTO `person` (`P_ID`, `First_name`, `Middle_name`, `Last_name`, `Date_of_birth`, `Address`)VALUES (NULL,'Jill', NULL,'Smoker','1960-04-07','2641 JesterBilly Street');
INSERT INTO `person` (`P_ID`, `First_name`, `Middle_name`, `Last_name`, `Date_of_birth`, `Address`)VALUES (NULL,'Branson', NULL,'Simon','1976-04-012','4287 BalugaBrawny Street');
INSERT INTO `person` (`P_ID`, `First_name`, `Middle_name`, `Last_name`, `Date_of_birth`, `Address`)VALUES (NULL,'Billy', NULL,'Sink','1976-05-012','2258 BrawnySanji Street');
INSERT INTO `person` (`P_ID`, `First_name`, `Middle_name`, `Last_name`, `Date_of_birth`, `Address`)VALUES (NULL,'Shrek', NULL,'Jiminy','1970-08-014','883 SanjiShepton Street');
INSERT INTO `person` (`P_ID`, `First_name`, `Middle_name`, `Last_name`, `Date_of_birth`, `Address`)VALUES (NULL,'Jamie', NULL,'Timmy','1984-04-019','3941 BalugaJack Street');
INSERT INTO `person` (`P_ID`, `First_name`, `Middle_name`, `Last_name`, `Date_of_birth`, `Address`)VALUES (NULL,'Jamie', NULL,'Jaquan','1998-07-06','981 BillyTrunk Street');
INSERT INTO `person` (`P_ID`, `First_name`, `Middle_name`, `Last_name`, `Date_of_birth`, `Address`)VALUES (NULL,'Johnny', NULL,'James','1971-07-013','4290 JarnoldJill Street');
INSERT INTO `person` (`P_ID`, `First_name`, `Middle_name`, `Last_name`, `Date_of_birth`, `Address`)VALUES (NULL,'Shrek', NULL,'Jack','1990-04-015','3462 TimmyShepton Street');
INSERT INTO `person` (`P_ID`, `First_name`, `Middle_name`, `Last_name`, `Date_of_birth`, `Address`)VALUES (NULL,'Jackie', NULL,'Jackie','1951-05-01','2434 BransonBilly Street');
INSERT INTO `person` (`P_ID`, `First_name`, `Middle_name`, `Last_name`, `Date_of_birth`, `Address`)VALUES (NULL,'Tammy', NULL,'Jaquan','1993-01-07','3749 SinkJohnny Street');
INSERT INTO `person` (`P_ID`, `First_name`, `Middle_name`, `Last_name`, `Date_of_birth`, `Address`)VALUES (NULL,'Timmy', NULL,'Timmy','1962-04-018','4702 JamieJohnny Street');
INSERT INTO `person` (`P_ID`, `First_name`, `Middle_name`, `Last_name`, `Date_of_birth`, `Address`)VALUES (NULL,'Saul', NULL,'Jester','1996-05-015','2029 JamieJaquan Street');
INSERT INTO `person` (`P_ID`, `First_name`, `Middle_name`, `Last_name`, `Date_of_birth`, `Address`)VALUES (NULL,'Jamie', NULL,'Tom','1996-01-03','1861 ShaunJackie Street');
INSERT INTO `person` (`P_ID`, `First_name`, `Middle_name`, `Last_name`, `Date_of_birth`, `Address`)VALUES (NULL,'Jackie', NULL,'Jackie','2002-07-021','3629 SanjiJames Street');
INSERT INTO `person` (`P_ID`, `First_name`, `Middle_name`, `Last_name`, `Date_of_birth`, `Address`)VALUES (NULL,'Tawny', NULL,'Baluga','1974-02-03','2833 BillyJarnold Street');
INSERT INTO `person` (`P_ID`, `First_name`, `Middle_name`, `Last_name`, `Date_of_birth`, `Address`)VALUES (NULL,'Tron', NULL,'Trunk','1975-02-06','3637 SaulShrek Street');
INSERT INTO `person` (`P_ID`, `First_name`, `Middle_name`, `Last_name`, `Date_of_birth`, `Address`)VALUES (NULL,'Tron', NULL,'Jaquan','1955-05-012','3314 JamesTom Street');
INSERT INTO `person` (`P_ID`, `First_name`, `Middle_name`, `Last_name`, `Date_of_birth`, `Address`)VALUES (NULL,'Branson', NULL,'Smoker','1976-03-020','4927 TimmyTom Street');
INSERT INTO `person` (`P_ID`, `First_name`, `Middle_name`, `Last_name`, `Date_of_birth`, `Address`)VALUES (NULL,'Tammy', NULL,'Trunk','1986-05-012','857 BrawnySanji Street');
INSERT INTO `person` (`P_ID`, `First_name`, `Middle_name`, `Last_name`, `Date_of_birth`, `Address`)VALUES (NULL,'Sink', NULL,'Jamie','1999-06-04','2250 JasonSaul Street');
INSERT INTO `person` (`P_ID`, `First_name`, `Middle_name`, `Last_name`, `Date_of_birth`, `Address`)VALUES (NULL,'Smoker', NULL,'Branson','1989-06-021','2357 JesterJiminy Street');
INSERT INTO `person` (`P_ID`, `First_name`, `Middle_name`, `Last_name`, `Date_of_birth`, `Address`)VALUES (NULL,'Tawny', NULL,'Sanji','1988-01-020','2871 TawnySanji Street');
INSERT INTO `person` (`P_ID`, `First_name`, `Middle_name`, `Last_name`, `Date_of_birth`, `Address`)VALUES (NULL,'Saul', NULL,'Saul','1999-01-021','4464 TronJohnny Street');
INSERT INTO `person` (`P_ID`, `First_name`, `Middle_name`, `Last_name`, `Date_of_birth`, `Address`)VALUES (NULL,'Billy', NULL,'Timmy','2005-08-05','4039 JarnoldSimon Street');
INSERT INTO `person` (`P_ID`, `First_name`, `Middle_name`, `Last_name`, `Date_of_birth`, `Address`)VALUES (NULL,'Branson', NULL,'Tron','1993-02-09','4961 SaulJiminy Street');
INSERT INTO `person` (`P_ID`, `First_name`, `Middle_name`, `Last_name`, `Date_of_birth`, `Address`)VALUES (NULL,'Jill', NULL,'Jester','1968-02-023','2419 JackieTom Street');
INSERT INTO `person` (`P_ID`, `First_name`, `Middle_name`, `Last_name`, `Date_of_birth`, `Address`)VALUES (NULL,'Timmy', NULL,'Shaun','1967-02-02','4635 TimmyJaquan Street');
INSERT INTO `person` (`P_ID`, `First_name`, `Middle_name`, `Last_name`, `Date_of_birth`, `Address`)VALUES (NULL,'Jason', NULL,'James','2004-04-09','4090 SinkSaul Street');
INSERT INTO `person` (`P_ID`, `First_name`, `Middle_name`, `Last_name`, `Date_of_birth`, `Address`)VALUES (NULL,'Trunk', NULL,'Jill','1972-06-03','1508 SmokerBrawny Street');
INSERT INTO `person` (`P_ID`, `First_name`, `Middle_name`, `Last_name`, `Date_of_birth`, `Address`)VALUES (NULL,'Jaquan', NULL,'James','1959-06-019','325 BobbyShepton Street');
INSERT INTO `person` (`P_ID`, `First_name`, `Middle_name`, `Last_name`, `Date_of_birth`, `Address`)VALUES (NULL,'Trunk', NULL,'Jaquan','1993-02-011','2309 TomJill Street');
INSERT INTO `person` (`P_ID`, `First_name`, `Middle_name`, `Last_name`, `Date_of_birth`, `Address`)VALUES (NULL,'Tom', NULL,'Jiminy','1976-05-08','773 JackJiminy Street');
INSERT INTO `person` (`P_ID`, `First_name`, `Middle_name`, `Last_name`, `Date_of_birth`, `Address`)VALUES (NULL,'Tron', NULL,'Jiminy','1957-01-019','3528 JillSangria Street');
INSERT INTO `person` (`P_ID`, `First_name`, `Middle_name`, `Last_name`, `Date_of_birth`, `Address`)VALUES (NULL,'Jason', NULL,'Sangria','1990-01-09','2026 SaulSangria Street');
INSERT INTO `person` (`P_ID`, `First_name`, `Middle_name`, `Last_name`, `Date_of_birth`, `Address`)VALUES (NULL,'Tawny', NULL,'Jason','2002-03-023','3732 JamieJames Street');
INSERT INTO `person` (`P_ID`, `First_name`, `Middle_name`, `Last_name`, `Date_of_birth`, `Address`)VALUES (NULL,'Tron', NULL,'Tammy','2006-04-05','3829 SheptonTawny Street');
INSERT INTO `person` (`P_ID`, `First_name`, `Middle_name`, `Last_name`, `Date_of_birth`, `Address`)VALUES (NULL,'Saul', NULL,'Tom','1964-06-07','2161 TammyShepton Street');
INSERT INTO `person` (`P_ID`, `First_name`, `Middle_name`, `Last_name`, `Date_of_birth`, `Address`)VALUES (NULL,'Jack', NULL,'Jester','2000-02-05','2446 JackBrawny Street');

CREATE TABLE PHONE_NUMBER (
    Phone_number CHAR(10) NOT NULL,
    P_ID INT NOT NULL,
    PRIMARY KEY (Phone_number, P_ID),
    FOREIGN KEY (P_ID)
        REFERENCES PERSON (P_ID)
);
insert into phone_number (Phone_number, P_ID) values ('1325580847', 1);
insert into phone_number (Phone_number, P_ID) values ('3606553675', 2);
insert into phone_number (Phone_number, P_ID) values ('7527517257', 3);
insert into phone_number (Phone_number, P_ID) values ('1497390890', 4);
insert into phone_number (Phone_number, P_ID) values ('7034020518', 5);
insert into phone_number (Phone_number, P_ID) values ('3974916180', 6);
insert into phone_number (Phone_number, P_ID) values ('9288789144', 7);
insert into phone_number (Phone_number, P_ID) values ('6123460439', 8);
insert into phone_number (Phone_number, P_ID) values ('6416637490', 9);
insert into phone_number (Phone_number, P_ID) values ('1615155251', 10);
insert into phone_number (Phone_number, P_ID) values ('2058285906', 11);
insert into phone_number (Phone_number, P_ID) values ('8243170984', 12);
insert into phone_number (Phone_number, P_ID) values ('5393012384', 13);
insert into phone_number (Phone_number, P_ID) values ('2446226389', 14);
insert into phone_number (Phone_number, P_ID) values ('3445353649', 15);
insert into phone_number (Phone_number, P_ID) values ('3844447881', 16);
insert into phone_number (Phone_number, P_ID) values ('4943419842', 17);
insert into phone_number (Phone_number, P_ID) values ('8032931918', 18);
insert into phone_number (Phone_number, P_ID) values ('9596967680', 19);
insert into phone_number (Phone_number, P_ID) values ('5576282492', 20);
insert into phone_number (Phone_number, P_ID) values ('8142889486', 21);
insert into phone_number (Phone_number, P_ID) values ('7906770506', 22);
insert into phone_number (Phone_number, P_ID) values ('7191278762', 23);
insert into phone_number (Phone_number, P_ID) values ('7235011087', 24);
insert into phone_number (Phone_number, P_ID) values ('6664832120', 25);

CREATE TABLE GENDER (
    Gender_ID INT NOT NULL AUTO_INCREMENT,
    Gender VARCHAR(30),
    PRIMARY KEY (Gender_ID)
);
INSERT INTO `gender` (`Gender_ID`, `Gender`) VALUES (NULL, 'Male'), (NULL, 'Female') ;

CREATE TABLE START_DATE (
    Start_Date_ID INT NOT NULL auto_increment,
    Start_Date DATE,
    PRIMARY KEY (Start_Date_ID)
);
insert into start_date (Start_Date_ID, Start_Date) values (1, '2015-07-30');
insert into start_date (Start_Date_ID, Start_Date) values (2, '2019-04-15');
insert into start_date (Start_Date_ID, Start_Date) values (3, '2016-12-26');
insert into start_date (Start_Date_ID, Start_Date) values (4, '2020-10-23');
insert into start_date (Start_Date_ID, Start_Date) values (5, '2020-11-03');
insert into start_date (Start_Date_ID, Start_Date) values (6, '2020-07-10');
insert into start_date (Start_Date_ID, Start_Date) values (7, '2019-04-01');
insert into start_date (Start_Date_ID, Start_Date) values (8, '2019-03-01');
insert into start_date (Start_Date_ID, Start_Date) values (9, '2020-08-19');
insert into start_date (Start_Date_ID, Start_Date) values (10, '2015-12-05');

CREATE TABLE EMPLOYEE (
    Employee_ID CHAR(4) NOT NULL,
    Start_Date_ID INT,
    Gender_ID INT,
    P_ID INT NOT NULL,
    PRIMARY KEY (Employee_ID, P_ID),
    FOREIGN KEY (Start_Date_ID)
        REFERENCES START_DATE (Start_Date_ID),
    FOREIGN KEY (Gender_ID)
        REFERENCES GENDER (Gender_ID),
    FOREIGN KEY (P_ID)
        REFERENCES PERSON (P_ID)
);
insert into employee (Employee_ID, Start_Date_ID, Gender_ID, P_ID) values ('E002', 1, 1, 2);
insert into employee (Employee_ID, Start_Date_ID, Gender_ID, P_ID) values ('E004', 9, 2, 4);
insert into employee (Employee_ID, Start_Date_ID, Gender_ID, P_ID) values ('E006', 6, 2, 6);
insert into employee (Employee_ID, Start_Date_ID, Gender_ID, P_ID) values ('E008', 5, 1, 8);
insert into employee (Employee_ID, Start_Date_ID, Gender_ID, P_ID) values ('E010', 3, 1, 10);
insert into employee (Employee_ID, Start_Date_ID, Gender_ID, P_ID) values ('E012', 9, 2, 12);
insert into employee (Employee_ID, Start_Date_ID, Gender_ID, P_ID) values ('E014', 6, 1, 14);
insert into employee (Employee_ID, Start_Date_ID, Gender_ID, P_ID) values ('E016', 2, 1, 16);
insert into employee (Employee_ID, Start_Date_ID, Gender_ID, P_ID) values ('E018', 7, 1, 18);
insert into employee (Employee_ID, Start_Date_ID, Gender_ID, P_ID) values ('E020', 4, 1, 20);


CREATE TABLE CUSTOMER (
    Customer_ID INT NOT NULL AUTO_INCREMENT,
    P_ID INT NOT NULL,
    PRIMARY KEY (Customer_ID, P_ID)
);

CREATE TABLE ORDINARY_CUSTOMER (
    Customer_ID INT NOT NULL,
    PRIMARY KEY (Customer_ID),
    FOREIGN KEY (Customer_ID)
        REFERENCES CUSTOMER (Customer_ID)
);

CREATE TABLE SILVER_MEMBER (
    Customer_ID INT NOT NULL,
    PRIMARY KEY (Customer_ID),
    FOREIGN KEY (Customer_ID)
        REFERENCES CUSTOMER (Customer_ID)
);

CREATE TABLE GOLD_MEMBER (
    Employee_ID CHAR(4) NOT NULL,
    Customer_ID INT NOT NULL,
    PRIMARY KEY (Employee_ID, Customer_ID),
    FOREIGN KEY (Customer_ID)
        REFERENCES CUSTOMER (Customer_ID),
    FOREIGN KEY (Employee_ID)
        REFERENCES EMPLOYEE (Employee_ID)
);

CREATE TABLE GOLD_PASS (
    Pass_ID INT NOT NULL AUTO_INCREMENT,
    Delivery_count INT,
    PRIMARY KEY (Pass_ID)
);

CREATE TABLE OWNS_GOLD_PASS (
    Employee_ID CHAR(4) NOT NULL,
    Customer_ID INT NOT NULL,
    Pass_ID INT NOT NULL,
    PRIMARY KEY (Employee_ID, Customer_ID, Pass_ID),
    FOREIGN KEY (Employee_ID)
        REFERENCES GOLD_MEMBER (Employee_ID),
    FOREIGN KEY (Customer_ID)
        REFERENCES GOLD_MEMBER (Customer_ID),
    FOREIGN KEY (Pass_ID)
        REFERENCES GOLD_PASS (Pass_ID)
);

CREATE TABLE MEMBER_CARD (
    Card_ID INT NOT NULL AUTO_INCREMENT,
    PRIMARY KEY (Card_ID)
);

CREATE TABLE HAS_MEMBER_CARD (
    Card_ID INT NOT NULL,
    Customer_ID INT NOT NULL,
    PRIMARY KEY (Card_ID, Customer_ID),
    FOREIGN KEY (Card_ID)
        REFERENCES MEMBER_CARD (Card_ID),
    FOREIGN KEY (Customer_ID)
        REFERENCES SILVER_MEMBER (Customer_ID)
);

CREATE TABLE AREA_MANAGER (
    Employee_ID CHAR(4) NOT NULL,
    Location VARCHAR(30),
    PRIMARY KEY (Employee_ID),
    FOREIGN KEY (Employee_ID)
        REFERENCES EMPLOYEE (Employee_ID)
);
insert into Area_Manager (Employee_ID, Location) values ('E020', 'Plano');
insert into Area_Manager (Employee_ID, Location)  values ('E018', 'Dallas');
insert into Area_Manager (Employee_ID, Location)  values ('E016', 'Richardson');


CREATE TABLE DELIVERER (
    Employee_ID CHAR(4) NOT NULL,
    Manager_ID CHAR(4),
    PRIMARY KEY (Employee_ID),
    FOREIGN KEY (Employee_ID)
        REFERENCES EMPLOYEE (Employee_ID),
    FOREIGN KEY (Manager_ID)
        REFERENCES AREA_MANAGER (Employee_ID)
);
insert into DELIVERER (Employee_ID, Manager_ID) values ('E002','E020');
insert into DELIVERER (Employee_ID, Manager_ID) values ('E004','E020');
insert into DELIVERER (Employee_ID, Manager_ID) values ('E006','E018');
insert into DELIVERER (Employee_ID, Manager_ID) values ('E008','E018');
insert into DELIVERER (Employee_ID, Manager_ID) values ('E010','E016');
insert into DELIVERER (Employee_ID, Manager_ID) values ('E012','E016');

CREATE TABLE STAFF (
    Employee_ID CHAR(4) NOT NULL,
    Card_ID INT,
    PRIMARY KEY (Employee_ID),
    FOREIGN KEY (Employee_ID)
        REFERENCES EMPLOYEE (Employee_ID),
    FOREIGN KEY (Card_ID)
        REFERENCES MEMBER_CARD (Card_ID)
);
    
CREATE TABLE MAKE (
    Make_ID INT NOT NULL AUTO_INCREMENT,
    Make VARCHAR(30),
    PRIMARY KEY (Make_ID)
);
INSERT INTO MAKE
    (Make_ID, Make)
VALUES
    (1, 'Ford'),
    (2, 'Chevrolet'),
    (3, 'Toyota'),
    (4, 'Honda'),
    (5, 'GMC');
    
CREATE TABLE MODEL (
    Model_ID INT NOT NULL AUTO_INCREMENT,
    Model VARCHAR(30),
    Make_ID INT,
    PRIMARY KEY (Model_ID),
    FOREIGN KEY (Make_ID)
        REFERENCES MAKE (Make_ID)
);

INSERT INTO MODEL
    (Model_ID, Model, Make_ID)
VALUES
    (1, "F-150", (SELECT Make_ID FROM MAKE WHERE Make='Ford')),
    (2, "Silverado", (SELECT Make_ID FROM MAKE WHERE Make='Chevrolet')),
    (3, "Rav4", (SELECT Make_ID FROM MAKE WHERE Make='Toyota')),
    (4, "CR-V", (SELECT Make_ID FROM MAKE WHERE Make='Honda')),
    (5, "Camry", (SELECT Make_ID FROM MAKE WHERE Make='Toyota'));
    
CREATE TABLE VEHICLE (
    Plate_number CHAR(7) NOT NULL,
    Model_ID INT,
    Employee_ID CHAR(4),
    PRIMARY KEY (Plate_number),
    FOREIGN KEY (Model_ID)
        REFERENCES MODEL (Model_ID),
    FOREIGN KEY (Employee_ID)
        REFERENCES DELIVERER (Employee_ID)
);
insert into vehicle (Plate_number, Model_ID, Employee_ID) values ('02dv7v7', 1, 'E002');
insert into vehicle (Plate_number, Model_ID, Employee_ID) values ('36pv4x4', 3, 'E004');
insert into vehicle (Plate_number, Model_ID, Employee_ID) values ('67iz8r5', 2, 'E006');
insert into vehicle (Plate_number, Model_ID, Employee_ID) values ('23ji1w5', 4, 'E008');
insert into vehicle (Plate_number, Model_ID, Employee_ID) values ('14qy1e1', 1, 'E010');
insert into vehicle (Plate_number, Model_ID, Employee_ID) values ('99jc9u4', 5, 'E012');
    
CREATE TABLE COLOR (
    Color VARCHAR(30) NOT NULL,
    Plate_number CHAR(7) NOT NULL,
    PRIMARY KEY (Color, Plate_number),
    FOREIGN KEY (Plate_number)
        REFERENCES VEHICLE (Plate_number)
);
insert into color (Color, Plate_Number) values ('Mauv', '02dv7v7');
insert into color (Color, Plate_Number) values ('Teal', '36pv4x4');
insert into color (Color, Plate_Number) values ('Turquoise', '67iz8r5');
insert into color (Color, Plate_Number) values ('Puce', '23ji1w5');
insert into color (Color, Plate_Number) values ('Red', '14qy1e1');
insert into color (Color, Plate_Number) values ('Yellow', '99jc9u4');


CREATE TABLE SHOP_NAME (
    Shop_name_ID INT NOT NULL AUTO_INCREMENT,
    Shop_name VARCHAR(30),
    PRIMARY KEY (Shop_name_ID)
);
	
CREATE TABLE SHOP (
    Shop_ID INT NOT NULL AUTO_INCREMENT,
    Address VARCHAR(30),
    Shop_name_ID INT,
    Phone_number CHAR(10),
    PRIMARY KEY (Shop_ID),
    FOREIGN KEY (Shop_name_ID)
        REFERENCES SHOP_NAME (Shop_name_ID)
);

CREATE TABLE COMMENT_TBL (
    Shop_ID INT NOT NULL,
    Score INT,
    Content VARCHAR(30),
    PRIMARY KEY (Shop_ID),
    FOREIGN KEY (Shop_ID)
        REFERENCES SHOP (Shop_ID)
);
   
CREATE TABLE LEAVE_COMMENT (
    Shop_ID INT NOT NULL,
    Customer_ID INT NOT NULL,
    PRIMARY KEY (Shop_ID, Customer_ID),
    FOREIGN KEY (Shop_ID)
        REFERENCES SHOP (Shop_ID),
    FOREIGN KEY (Customer_ID)
        REFERENCES CUSTOMER (Customer_ID)
);

CREATE TABLE PROMOTION (
    Promotion_ID INT NOT NULL AUTO_INCREMENT,
    Promo_desc VARCHAR(30),
    Promo_Start_Date DATE,
    Promo_End_Date DATE,
    Shop_ID INT,
    PRIMARY KEY (Promotion_ID),
    FOREIGN KEY (Shop_ID)
        REFERENCES SHOP (Shop_ID)
);

CREATE TABLE MAKES_CONTRACTS (
    Employee_ID CHAR(4) NOT NULL,
    Shop_ID INT NOT NULL,
    Contract_start_time DATE,
    PRIMARY KEY (Employee_ID, Shop_ID),
    FOREIGN KEY (Shop_ID)
        REFERENCES SHOP (Shop_ID),
    FOREIGN KEY (Employee_ID)
        REFERENCES AREA_MANAGER (Employee_ID)
);

CREATE TABLE PROMO_USED (
    Promo_used_ID INT NOT NULL AUTO_INCREMENT,
    Promotion_ID INT NOT NULL,
    PRIMARY KEY (Promo_used_ID, Promotion_ID),
    FOREIGN KEY (Promotion_ID)
        REFERENCES PROMOTION (Promotion_ID)
);

CREATE TABLE STOCK (
    Stock_ID INT NOT NULL AUTO_INCREMENT,
    Total_stock INT,
    PRIMARY KEY (Stock_ID)
);

CREATE TABLE PRICE (
    Price_ID INT NOT NULL AUTO_INCREMENT,
    Price DECIMAL(15, 2),
    PRIMARY KEY (Price_ID)
);

CREATE TABLE PRODUCT (
    Product_ID INT NOT NULL AUTO_INCREMENT,
    Product_name VARCHAR(30),
    PRIMARY KEY (Product_ID)
);

CREATE TABLE SUPERMARKET (
    Shop_ID INT NOT NULL,
    PRIMARY KEY (Shop_ID),
    FOREIGN KEY (Shop_ID)
        REFERENCES SHOP (Shop_ID)
);

CREATE TABLE INVENTORY_PRODUCT (
    Product_ID INT NOT NULL,
    Price_ID INT,
    Stock_ID INT,
    Shop_ID INT,
    PRIMARY KEY (Product_ID),
    FOREIGN KEY (Product_ID)
        REFERENCES PRODUCT (Product_ID),
    FOREIGN KEY (Price_ID)
        REFERENCES PRICE (Price_ID),
    FOREIGN KEY (Stock_ID)
        REFERENCES STOCK (Stock_ID),
    FOREIGN KEY (Shop_ID)
        REFERENCES SUPERMARKET (Shop_ID)
);

CREATE TABLE AREA (
    Area_ID INT NOT NULL AUTO_INCREMENT,
    Area VARCHAR(30),
    PRIMARY KEY (AREA_ID)
);

CREATE TABLE PAYMENT_TYPE (
    Payment_type_ID INT NOT NULL AUTO_INCREMENT,
    Payment_type VARCHAR(30),
    PRIMARY KEY (Payment_type_ID)
);

CREATE TABLE ORDERS (
    Order_ID INT NOT NULL AUTO_INCREMENT,
    Contents VARCHAR(30),
    Total_balance DECIMAL(15, 2),
    Promo_used_ID INT,
    Plate_number CHAR(7),
    Customer_ID INT,
    PRIMARY KEY (Order_ID),
    FOREIGN KEY (Promo_used_ID)
        REFERENCES PROMO_USED (Promo_used_ID),
    FOREIGN KEY (Plate_number)
        REFERENCES VEHICLE (Plate_number),
    FOREIGN KEY (Customer_ID)
        REFERENCES CUSTOMER (Customer_ID)
);

CREATE TABLE RESTAURANT (
    Shop_ID INT NOT NULL,
    Area_ID INT,
    Order_ID INT,
    PRIMARY KEY (Shop_ID),
    FOREIGN KEY (Shop_ID)
        REFERENCES SHOP (Shop_ID),
    FOREIGN KEY (Area_ID)
        REFERENCES AREA (Area_ID),
    FOREIGN KEY (Order_ID)
        REFERENCES ORDERS (Order_ID)
);

CREATE TABLE RESTAURANT_TYPE (
    Shop_ID INT NOT NULL,
    Rest_Type VARCHAR(30),
    FOREIGN KEY (Shop_ID)
        REFERENCES RESTAURANT (Shop_ID)
);
    
CREATE TABLE PLACES_ORDER (
    Customer_ID INT NOT NULL,
    Order_ID INT NOT NULL,
    PRIMARY KEY (Customer_ID, Order_ID),
    FOREIGN KEY (Customer_ID)
        REFERENCES CUSTOMER (Customer_ID),
    FOREIGN KEY (Order_ID)
        REFERENCES ORDERS (Order_ID)
);

CREATE TABLE PAYMENT (
    Payment_confirm_number INT NOT NULL auto_increment,
    Payment_type_ID INT,
    Payment_time DATE,
    Order_ID INT,
    PRIMARY KEY (Payment_confirm_number),
    FOREIGN KEY (Payment_type_ID)
        REFERENCES PAYMENT_TYPE (Payment_type_ID),
    FOREIGN KEY (Order_ID)
        REFERENCES ORDERS (Order_ID)
);

CREATE TABLE SHOP_SCHEDULE (
    Shop_ID INT NOT NULL,
    Day_ VARCHAR(30) NOT NULL,
    Open_time TIME,
    Closed_time TIME,
    PRIMARY KEY (Shop_ID, Day_),
    FOREIGN KEY (Shop_ID)
        REFERENCES SHOP (Shop_ID)
);



INSERT INTO CUSTOMER
    (Customer_ID, P_ID)
VALUES 
    (9, (SELECT P_ID FROM PERSON WHERE P_ID=1)),
    (10, (SELECT P_ID FROM PERSON WHERE P_ID=3)),
    (11, (SELECT P_ID FROM PERSON WHERE P_ID=5)),
    (12, (SELECT P_ID FROM PERSON WHERE P_ID=6)),
    (13, (SELECT P_ID FROM PERSON WHERE P_ID=7)),
    (14, (SELECT P_ID FROM PERSON WHERE P_ID=9)),
    (15, (SELECT P_ID FROM PERSON WHERE P_ID=11)),
    (16, (SELECT P_ID FROM PERSON WHERE P_ID=12)),
    (17, (SELECT P_ID FROM PERSON WHERE P_ID=13)),
    (18, (SELECT P_ID FROM PERSON WHERE P_ID=15));
    
INSERT INTO GOLD_PASS
    (Pass_ID, Delivery_Count)
VALUES
    (7, 8),
    (8, 18);

INSERT INTO MEMBER_CARD
    (Card_ID)
VALUES
    (11),
    (12),
    (13),
    (14);

INSERT INTO ORDINARY_CUSTOMER
    (Customer_ID)
VALUES
    (9),
    (10),
    (17),
    (18);
    
INSERT INTO SILVER_MEMBER
    (Customer_ID)
VALUES
    (11),
    (13),
    (14),
    (15);

INSERT INTO HAS_MEMBER_CARD
    (Card_ID, Customer_ID)
VALUES
    (11, 11),
    (12, 13),
    (13, 14),
    (14, 15);

INSERT INTO SHOP_NAME (Shop_name_ID, Shop_name) VALUES (NULL, "Dollar Savings Store");
INSERT INTO SHOP_NAME (Shop_name_ID, Shop_name) VALUES (NULL, "Healthy Treats");
INSERT INTO SHOP_NAME (Shop_name_ID, Shop_name) VALUES (NULL, "Underground Finds Online");
INSERT INTO SHOP_NAME (Shop_name_ID, Shop_name) VALUES (NULL, "Fun Times Online Shop");
INSERT INTO SHOP_NAME (Shop_name_ID, Shop_name) VALUES (NULL, "Privacy Please Online Store");
INSERT INTO SHOP_NAME (Shop_name_ID, Shop_name) VALUES (NULL, "We Care Online Store");
INSERT INTO SHOP_NAME (Shop_name_ID, Shop_name) VALUES (NULL, "Farm to Shelf");
INSERT INTO SHOP_NAME (Shop_name_ID, Shop_name) VALUES (NULL, "Arbor");
INSERT INTO SHOP_NAME (Shop_name_ID, Shop_name) VALUES (NULL, "Archie’s Food Basket");
INSERT INTO SHOP_NAME (Shop_name_ID, Shop_name) VALUES (NULL, "Walmart");

INSERT INTO SHOP (Shop_ID, Address, Shop_name_ID, Phone_number) VALUES (NULL, "74 Wakehurst St, NJ 08037", (SELECT Shop_name_ID FROM SHOP_NAME WHERE Shop_name="Dollar Savings Store"), "1389230003");
INSERT INTO SHOP (Shop_ID, Address, Shop_name_ID, Phone_number) VALUES (NULL, "104 Santa Clara, WI 54601", (SELECT Shop_name_ID FROM SHOP_NAME WHERE Shop_name="Healthy Treats"), "6254911525");
INSERT INTO SHOP (Shop_ID, Address, Shop_name_ID, Phone_number) VALUES (NULL, "7813 South Woodland PA 18301", (SELECT Shop_name_ID FROM SHOP_NAME WHERE Shop_name="Underground Finds Online"), "2339056976");
INSERT INTO SHOP (Shop_ID, Address, Shop_name_ID, Phone_number) VALUES (NULL, "8274 Glen Creek PA 15068", (SELECT Shop_name_ID FROM SHOP_NAME WHERE Shop_name="Fun Times Online Shop"), "5319064235");
INSERT INTO SHOP (Shop_ID, Address, Shop_name_ID, Phone_number) VALUES (NULL, "512 Lancaster CT 06705", (SELECT Shop_name_ID FROM SHOP_NAME WHERE Shop_name="Privacy Please Online Store"), "3885690708");
INSERT INTO SHOP (Shop_ID, Address, Shop_name_ID, Phone_number) VALUES (NULL, "57 N. Main NC 27292", (SELECT Shop_name_ID FROM SHOP_NAME WHERE Shop_name="We Care Online Store"), "4085109719");
INSERT INTO SHOP (Shop_ID, Address, Shop_name_ID, Phone_number) VALUES (NULL, "77 Van Dyke FL 34741", (SELECT Shop_name_ID FROM SHOP_NAME WHERE Shop_name="Farm to Shelf"), "5912577939");
INSERT INTO SHOP (Shop_ID, Address, Shop_name_ID, Phone_number) VALUES (NULL, "549 Arlington NY 12804", (SELECT Shop_name_ID FROM SHOP_NAME WHERE Shop_name="Arbor"), "4812835672");
INSERT INTO SHOP (Shop_ID, Address, Shop_name_ID, Phone_number) VALUES (NULL, "952 Talbot, IN 47711", (SELECT Shop_name_ID FROM SHOP_NAME WHERE Shop_name="Archie’s Food Basket"), "6915893527");
INSERT INTO SHOP (Shop_ID, Address, Shop_name_ID, Phone_number) VALUES (NULL, "7220 Richardson, TX 74623", (SELECT Shop_name_ID FROM SHOP_NAME WHERE Shop_name="Walmart"), "8667597785");

INSERT INTO SHOP_SCHEDULE (Shop_ID, Day_, Open_time, Closed_time) VALUES ((SELECT Shop_ID FROM SHOP WHERE Address='74 Wakehurst St, NJ 08037'), "Monday", "09:00", "18:00");
INSERT INTO SHOP_SCHEDULE (Shop_ID, Day_, Open_time, Closed_time) VALUES ((SELECT Shop_ID FROM SHOP WHERE Address='104 Santa Clara, WI 54601'), "Tuesday", "09:00", "18:00");
INSERT INTO SHOP_SCHEDULE (Shop_ID, Day_, Open_time, Closed_time) VALUES ((SELECT Shop_ID FROM SHOP WHERE Address='7813 South Woodland PA 18301'), "Wednesday", "09:00", "18:00");
INSERT INTO SHOP_SCHEDULE (Shop_ID, Day_, Open_time, Closed_time) VALUES ((SELECT Shop_ID FROM SHOP WHERE Address='8274 Glen Creek PA 15068'), "Thursday", "09:00", "18:00");
INSERT INTO SHOP_SCHEDULE (Shop_ID, Day_, Open_time, Closed_time) VALUES ((SELECT Shop_ID FROM SHOP WHERE Address='512 Lancaster CT 06705'), "Friday", "09:00", "18:00");
INSERT INTO SHOP_SCHEDULE (Shop_ID, Day_, Open_time, Closed_time) VALUES ((SELECT Shop_ID FROM SHOP WHERE Address='57 N. Main NC 27292'), "Saturday", "09:00", "18:00");
INSERT INTO SHOP_SCHEDULE (Shop_ID, Day_, Open_time, Closed_time) VALUES ((SELECT Shop_ID FROM SHOP WHERE Address='77 Van Dyke FL 34741'), "Sunday", "09:00", "18:00");
INSERT INTO SHOP_SCHEDULE (Shop_ID, Day_, Open_time, Closed_time) VALUES ((SELECT Shop_ID FROM SHOP WHERE Address='549 Arlington NY 12804'), "Monday", "09:00", "18:00");
INSERT INTO SHOP_SCHEDULE (Shop_ID, Day_, Open_time, Closed_time) VALUES ((SELECT Shop_ID FROM SHOP WHERE Address='952 Talbot, IN 47711'), "Tuesday", "09:00", "18:00");
INSERT INTO SHOP_SCHEDULE (Shop_ID, Day_, Open_time, Closed_time) VALUES ((SELECT Shop_ID FROM SHOP WHERE Address='7220 Richardson, TX 74623'), "Wednesday", "09:00", "18:00");

INSERT INTO COMMENT_TBL (Shop_ID, Score, Content) VALUES ((SELECT Shop_ID FROM SHOP WHERE Address='74 Wakehurst St, NJ 08037'), 5, "Good");
INSERT INTO COMMENT_TBL (Shop_ID, Score, Content) VALUES ((SELECT Shop_ID FROM SHOP WHERE Address='104 Santa Clara, WI 54601'), 2, "Ok");
INSERT INTO COMMENT_TBL (Shop_ID, Score, Content) VALUES ((SELECT Shop_ID FROM SHOP WHERE Address='7813 South Woodland PA 18301'), 1, "Bad");
INSERT INTO COMMENT_TBL (Shop_ID, Score, Content) VALUES ((SELECT Shop_ID FROM SHOP WHERE Address='8274 Glen Creek PA 15068'), 1, "Bad");
INSERT INTO COMMENT_TBL (Shop_ID, Score, Content) VALUES ((SELECT Shop_ID FROM SHOP WHERE Address='512 Lancaster CT 06705'), 2, "Ok");
INSERT INTO COMMENT_TBL (Shop_ID, Score, Content) VALUES ((SELECT Shop_ID FROM SHOP WHERE Address='57 N. Main NC 27292'), 4, "Good");
INSERT INTO COMMENT_TBL (Shop_ID, Score, Content) VALUES ((SELECT Shop_ID FROM SHOP WHERE Address='77 Van Dyke FL 34741'), 1, "Bad");
INSERT INTO COMMENT_TBL (Shop_ID, Score, Content) VALUES ((SELECT Shop_ID FROM SHOP WHERE Address='549 Arlington NY 12804'), 3, "Satisfactory");
INSERT INTO COMMENT_TBL (Shop_ID, Score, Content) VALUES ((SELECT Shop_ID FROM SHOP WHERE Address='952 Talbot, IN 47711'), 3, "Satisfactory");
INSERT INTO COMMENT_TBL (Shop_ID, Score, Content) VALUES ((SELECT Shop_ID FROM SHOP WHERE Address='7220 Richardson, TX 74623'), 3, "Satisfactory");

INSERT INTO PROMOTION (Promotion_ID, Promo_desc, Promo_Start_Date, Promo_End_Date, Shop_ID) VALUES (NULL, "An offer you cannot refuse", "2020-01-30", "2020-02-09", (SELECT Shop_ID FROM SHOP WHERE Address='74 Wakehurst St, NJ 08037'));
INSERT INTO PROMOTION (Promotion_ID, Promo_desc, Promo_Start_Date, Promo_End_Date, Shop_ID) VALUES (NULL, "An offer you cannot refuse", "2020-01-29", "2020-02-08", (SELECT Shop_ID FROM SHOP WHERE Address='104 Santa Clara, WI 54601'));
INSERT INTO PROMOTION (Promotion_ID, Promo_desc, Promo_Start_Date, Promo_End_Date, Shop_ID) VALUES (NULL, "An offer you cannot refuse", "2020-01-16", "2020-01-26", (SELECT Shop_ID FROM SHOP WHERE Address='7813 South Woodland PA 18301'));
INSERT INTO PROMOTION (Promotion_ID, Promo_desc, Promo_Start_Date, Promo_End_Date, Shop_ID) VALUES (NULL, "An offer you cannot refuse", "2020-01-09", "2020-01-19", (SELECT Shop_ID FROM SHOP WHERE Address='8274 Glen Creek PA 15068'));
INSERT INTO PROMOTION (Promotion_ID, Promo_desc, Promo_Start_Date, Promo_End_Date, Shop_ID) VALUES (NULL, "An offer you cannot refuse", "2020-01-19", "2020-01-29", (SELECT Shop_ID FROM SHOP WHERE Address='512 Lancaster CT 06705'));
INSERT INTO PROMOTION (Promotion_ID, Promo_desc, Promo_Start_Date, Promo_End_Date, Shop_ID) VALUES (NULL, "An offer you cannot refuse", "2020-01-11", "2020-01-21", (SELECT Shop_ID FROM SHOP WHERE Address='57 N. Main NC 27292'));
INSERT INTO PROMOTION (Promotion_ID, Promo_desc, Promo_Start_Date, Promo_End_Date, Shop_ID) VALUES (NULL, "An offer you cannot refuse", "2020-01-10", "2020-01-20", (SELECT Shop_ID FROM SHOP WHERE Address='77 Van Dyke FL 34741'));
INSERT INTO PROMOTION (Promotion_ID, Promo_desc, Promo_Start_Date, Promo_End_Date, Shop_ID) VALUES (NULL, "An offer you cannot refuse", "2020-01-05", "2020-01-15", (SELECT Shop_ID FROM SHOP WHERE Address='549 Arlington NY 12804'));
INSERT INTO PROMOTION (Promotion_ID, Promo_desc, Promo_Start_Date, Promo_End_Date, Shop_ID) VALUES (NULL, "An offer you cannot refuse", "2020-01-06", "2020-01-16", (SELECT Shop_ID FROM SHOP WHERE Address='952 Talbot, IN 47711'));
INSERT INTO PROMOTION (Promotion_ID, Promo_desc, Promo_Start_Date, Promo_End_Date, Shop_ID) VALUES (NULL, "An offer you cannot refuse", "2020-01-16", "2020-01-26", (SELECT Shop_ID FROM SHOP WHERE Address='7220 Richardson, TX 74623'));

INSERT INTO PROMO_USED (Promo_used_ID, Promotion_ID) VALUES (NULL, (SELECT Promotion_ID FROM PROMOTION WHERE Shop_ID=1));
INSERT INTO PROMO_USED (Promo_used_ID, Promotion_ID) VALUES (NULL, (SELECT Promotion_ID FROM PROMOTION WHERE Shop_ID=2));
INSERT INTO PROMO_USED (Promo_used_ID, Promotion_ID) VALUES (NULL, (SELECT Promotion_ID FROM PROMOTION WHERE Shop_ID=3));
INSERT INTO PROMO_USED (Promo_used_ID, Promotion_ID) VALUES (NULL, (SELECT Promotion_ID FROM PROMOTION WHERE Shop_ID=4));
INSERT INTO PROMO_USED (Promo_used_ID, Promotion_ID) VALUES (NULL, (SELECT Promotion_ID FROM PROMOTION WHERE Shop_ID=5));
INSERT INTO PROMO_USED (Promo_used_ID, Promotion_ID) VALUES (NULL, (SELECT Promotion_ID FROM PROMOTION WHERE Shop_ID=6));
INSERT INTO PROMO_USED (Promo_used_ID, Promotion_ID) VALUES (NULL, (SELECT Promotion_ID FROM PROMOTION WHERE Shop_ID=7));
INSERT INTO PROMO_USED (Promo_used_ID, Promotion_ID) VALUES (NULL, (SELECT Promotion_ID FROM PROMOTION WHERE Shop_ID=8));
INSERT INTO PROMO_USED (Promo_used_ID, Promotion_ID) VALUES (NULL, (SELECT Promotion_ID FROM PROMOTION WHERE Shop_ID=9));
INSERT INTO PROMO_USED (Promo_used_ID, Promotion_ID) VALUES (NULL, (SELECT Promotion_ID FROM PROMOTION WHERE Shop_ID=10));

INSERT INTO LEAVE_COMMENT (Shop_ID, Customer_ID) VALUES ((SELECT Shop_ID FROM SHOP WHERE Address='74 Wakehurst St, NJ 08037'), 9);
INSERT INTO LEAVE_COMMENT (Shop_ID, Customer_ID) VALUES ((SELECT Shop_ID FROM SHOP WHERE Address='104 Santa Clara, WI 54601'), 10);
INSERT INTO LEAVE_COMMENT (Shop_ID, Customer_ID) VALUES ((SELECT Shop_ID FROM SHOP WHERE Address='7813 South Woodland PA 18301'), 11);
INSERT INTO LEAVE_COMMENT (Shop_ID, Customer_ID) VALUES ((SELECT Shop_ID FROM SHOP WHERE Address='8274 Glen Creek PA 15068'), 12);
INSERT INTO LEAVE_COMMENT (Shop_ID, Customer_ID) VALUES ((SELECT Shop_ID FROM SHOP WHERE Address='512 Lancaster CT 06705'), 13);
INSERT INTO LEAVE_COMMENT (Shop_ID, Customer_ID) VALUES ((SELECT Shop_ID FROM SHOP WHERE Address='57 N. Main NC 27292'), 14);
INSERT INTO LEAVE_COMMENT (Shop_ID, Customer_ID) VALUES ((SELECT Shop_ID FROM SHOP WHERE Address='77 Van Dyke FL 34741'), 15);
INSERT INTO LEAVE_COMMENT (Shop_ID, Customer_ID) VALUES ((SELECT Shop_ID FROM SHOP WHERE Address='549 Arlington NY 12804'), 16);
INSERT INTO LEAVE_COMMENT (Shop_ID, Customer_ID) VALUES ((SELECT Shop_ID FROM SHOP WHERE Address='952 Talbot, IN 47711'), 17);
INSERT INTO LEAVE_COMMENT (Shop_ID, Customer_ID) VALUES ((SELECT Shop_ID FROM SHOP WHERE Address='7220 Richardson, TX 74623'), 18);

INSERT INTO ORDERS (Order_ID, Contents, Total_balance, Promo_used_ID, Plate_number, Customer_ID) VALUES (NULL, "Order Description", 1223.23, 1, "99jc9u4", 9);
INSERT INTO ORDERS (Order_ID, Contents, Total_balance, Promo_used_ID, Plate_number, Customer_ID) VALUES (NULL, "Order Description", 57716.2, 2, "14qy1e1", 10);
INSERT INTO ORDERS (Order_ID, Contents, Total_balance, Promo_used_ID, Plate_number, Customer_ID) VALUES (NULL, "Order Description", 246.4, 3, "99jc9u4", 11);
INSERT INTO ORDERS (Order_ID, Contents, Total_balance, Promo_used_ID, Plate_number, Customer_ID) VALUES (NULL, "Order Description", 958.43, 4, "02dv7v7", 12);
INSERT INTO ORDERS (Order_ID, Contents, Total_balance, Promo_used_ID, Plate_number, Customer_ID) VALUES (NULL, "Order Description", 123.43, 5, "67iz8r5", 13);
INSERT INTO ORDERS (Order_ID, Contents, Total_balance, Promo_used_ID, Plate_number, Customer_ID) VALUES (NULL, "Order Description", 88.54, 6, "02dv7v7", 14);
INSERT INTO ORDERS (Order_ID, Contents, Total_balance, Promo_used_ID, Plate_number, Customer_ID) VALUES (NULL, "Order Description", 345.56, 7, "23ji1w5", 15);
INSERT INTO ORDERS (Order_ID, Contents, Total_balance, Promo_used_ID, Plate_number, Customer_ID) VALUES (NULL, "Order Description", 987.11, 8, "99jc9u4", 16);
INSERT INTO ORDERS (Order_ID, Contents, Total_balance, Promo_used_ID, Plate_number, Customer_ID) VALUES (NULL, "Order Description", 11.45, 9, "36pv4x4", 17);
INSERT INTO ORDERS (Order_ID, Contents, Total_balance, Promo_used_ID, Plate_number, Customer_ID) VALUES (NULL, "Order Description", 2356.43, 10, "67iz8r5", 18);


INSERT INTO PLACES_ORDER (Customer_ID, Order_ID) VALUES (9, (SELECT Order_ID FROM ORDERS WHERE Customer_ID=9));
INSERT INTO PLACES_ORDER (Customer_ID, Order_ID) VALUES (10, (SELECT Order_ID FROM ORDERS WHERE Customer_ID=10));
INSERT INTO PLACES_ORDER (Customer_ID, Order_ID) VALUES (11, (SELECT Order_ID FROM ORDERS WHERE Customer_ID=11));
INSERT INTO PLACES_ORDER (Customer_ID, Order_ID) VALUES (12, (SELECT Order_ID FROM ORDERS WHERE Customer_ID=12));
INSERT INTO PLACES_ORDER (Customer_ID, Order_ID) VALUES (13, (SELECT Order_ID FROM ORDERS WHERE Customer_ID=13));
INSERT INTO PLACES_ORDER (Customer_ID, Order_ID) VALUES (14, (SELECT Order_ID FROM ORDERS WHERE Customer_ID=14));
INSERT INTO PLACES_ORDER (Customer_ID, Order_ID) VALUES (15, (SELECT Order_ID FROM ORDERS WHERE Customer_ID=15));
INSERT INTO PLACES_ORDER (Customer_ID, Order_ID) VALUES (16, (SELECT Order_ID FROM ORDERS WHERE Customer_ID=16));
INSERT INTO PLACES_ORDER (Customer_ID, Order_ID) VALUES (17, (SELECT Order_ID FROM ORDERS WHERE Customer_ID=17));
INSERT INTO PLACES_ORDER (Customer_ID, Order_ID) VALUES (18, (SELECT Order_ID FROM ORDERS WHERE Customer_ID=18));

INSERT INTO AREA (Area_ID, Area) VALUES (NULL, "Anchorage");
INSERT INTO AREA (Area_ID, Area) VALUES (NULL, "Oklahoma City");
INSERT INTO AREA (Area_ID, Area) VALUES (NULL, "Houston");
INSERT INTO AREA (Area_ID, Area) VALUES (NULL, "Los Angeles");
INSERT INTO AREA (Area_ID, Area) VALUES (NULL, "Buckeye");
INSERT INTO AREA (Area_ID, Area) VALUES (NULL, "Dallas");
INSERT INTO AREA (Area_ID, Area) VALUES (NULL, "New York City");
INSERT INTO AREA (Area_ID, Area) VALUES (NULL, "El Paso");
INSERT INTO AREA (Area_ID, Area) VALUES (NULL, "Columbus");
INSERT INTO AREA (Area_ID, Area) VALUES (NULL, "Huntsville");

INSERT INTO RESTAURANT (Shop_ID, Area_ID, Order_ID) VALUES ((SELECT Shop_ID FROM SHOP WHERE Address='74 Wakehurst St, NJ 08037'), (SELECT Area_ID FROM AREA WHERE Area='Anchorage'), (SELECT Order_ID FROM ORDERS WHERE Total_balance=1223.23));
INSERT INTO RESTAURANT (Shop_ID, Area_ID, Order_ID) VALUES ((SELECT Shop_ID FROM SHOP WHERE Address='104 Santa Clara, WI 54601'), (SELECT Area_ID FROM AREA WHERE Area='Oklahoma City'), (SELECT Order_ID FROM ORDERS WHERE Total_balance=57716.2));
INSERT INTO RESTAURANT (Shop_ID, Area_ID, Order_ID) VALUES ((SELECT Shop_ID FROM SHOP WHERE Address='7813 South Woodland PA 18301'), (SELECT Area_ID FROM AREA WHERE Area='Houston'), (SELECT Order_ID FROM ORDERS WHERE Total_balance=246.4));
INSERT INTO RESTAURANT (Shop_ID, Area_ID, Order_ID) VALUES ((SELECT Shop_ID FROM SHOP WHERE Address='8274 Glen Creek PA 15068'), (SELECT Area_ID FROM AREA WHERE Area='Los Angeles'), (SELECT Order_ID FROM ORDERS WHERE Total_balance=958.43));
INSERT INTO RESTAURANT (Shop_ID, Area_ID, Order_ID) VALUES ((SELECT Shop_ID FROM SHOP WHERE Address='512 Lancaster CT 06705'), (SELECT Area_ID FROM AREA WHERE Area='Buckeye'), (SELECT Order_ID FROM ORDERS WHERE Total_balance=123.43));
INSERT INTO RESTAURANT (Shop_ID, Area_ID, Order_ID) VALUES ((SELECT Shop_ID FROM SHOP WHERE Address='57 N. Main NC 27292'), (SELECT Area_ID FROM AREA WHERE Area='Dallas'), (SELECT Order_ID FROM ORDERS WHERE Total_balance=88.54));
INSERT INTO RESTAURANT (Shop_ID, Area_ID, Order_ID) VALUES ((SELECT Shop_ID FROM SHOP WHERE Address='77 Van Dyke FL 34741'), (SELECT Area_ID FROM AREA WHERE Area='New York City'), (SELECT Order_ID FROM ORDERS WHERE Total_balance=345.56));
INSERT INTO RESTAURANT (Shop_ID, Area_ID, Order_ID) VALUES ((SELECT Shop_ID FROM SHOP WHERE Address='549 Arlington NY 12804'), (SELECT Area_ID FROM AREA WHERE Area='El Paso'), (SELECT Order_ID FROM ORDERS WHERE Total_balance=987.11));
INSERT INTO RESTAURANT (Shop_ID, Area_ID, Order_ID) VALUES ((SELECT Shop_ID FROM SHOP WHERE Address='952 Talbot, IN 47711'), (SELECT Area_ID FROM AREA WHERE Area='Columbus'), (SELECT Order_ID FROM ORDERS WHERE Total_balance=11.45));
INSERT INTO RESTAURANT (Shop_ID, Area_ID, Order_ID) VALUES ((SELECT Shop_ID FROM SHOP WHERE Address='7220 Richardson, TX 74623'), (SELECT Area_ID FROM AREA WHERE Area='Huntsville'), (SELECT Order_ID FROM ORDERS WHERE Total_balance=2356.43));

INSERT INTO RESTAURANT_TYPE (Rest_Type, Shop_ID) VALUES ("Casual Dining", (SELECT Shop_ID FROM SHOP WHERE Address='74 Wakehurst St, NJ 08037'));
INSERT INTO RESTAURANT_TYPE (Rest_Type, Shop_ID) VALUES ("Ghost Restaurant", (SELECT Shop_ID FROM SHOP WHERE Address='104 Santa Clara, WI 54601'));
INSERT INTO RESTAURANT_TYPE (Rest_Type, Shop_ID) VALUES ("Pop-Up Restaurant", (SELECT Shop_ID FROM SHOP WHERE Address='7813 South Woodland PA 18301'));
INSERT INTO RESTAURANT_TYPE (Rest_Type, Shop_ID) VALUES ("Food Trucks and Stands", (SELECT Shop_ID FROM SHOP WHERE Address='8274 Glen Creek PA 15068'));
INSERT INTO RESTAURANT_TYPE (Rest_Type, Shop_ID) VALUES ("Buffet", (SELECT Shop_ID FROM SHOP WHERE Address='512 Lancaster CT 06705'));
INSERT INTO RESTAURANT_TYPE (Rest_Type, Shop_ID) VALUES ("Cafe", (SELECT Shop_ID FROM SHOP WHERE Address='57 N. Main NC 27292'));
INSERT INTO RESTAURANT_TYPE (Rest_Type, Shop_ID) VALUES ("Fast Food", (SELECT Shop_ID FROM SHOP WHERE Address='77 Van Dyke FL 34741'));
INSERT INTO RESTAURANT_TYPE (Rest_Type, Shop_ID) VALUES ("Fast Casual", (SELECT Shop_ID FROM SHOP WHERE Address='549 Arlington NY 12804'));
INSERT INTO RESTAURANT_TYPE (Rest_Type, Shop_ID) VALUES ("Family Style", (SELECT Shop_ID FROM SHOP WHERE Address='952 Talbot, IN 47711'));
INSERT INTO RESTAURANT_TYPE (Rest_Type, Shop_ID) VALUES ("Contemporary Casual", (SELECT Shop_ID FROM SHOP WHERE Address='7220 Richardson, TX 74623'));

INSERT INTO PAYMENT_TYPE (Payment_type_ID, Payment_type) VALUES (NULL, "Cash");
INSERT INTO PAYMENT_TYPE (Payment_type_ID, Payment_type) VALUES (NULL, "Check");
INSERT INTO PAYMENT_TYPE (Payment_type_ID, Payment_type) VALUES (NULL, "Debit card");
INSERT INTO PAYMENT_TYPE (Payment_type_ID, Payment_type) VALUES (NULL, "Credit card");
INSERT INTO PAYMENT_TYPE (Payment_type_ID, Payment_type) VALUES (NULL, "Mobile payment");
INSERT INTO PAYMENT_TYPE (Payment_type_ID, Payment_type) VALUES (NULL, "Electronic bank transfer");
INSERT INTO PAYMENT_TYPE (Payment_type_ID, Payment_type) VALUES (NULL, "Paypal");

INSERT INTO PAYMENT (Payment_confirm_number, Payment_type_ID, Payment_time, Order_ID) VALUES (NULL, (SELECT Payment_type_ID FROM PAYMENT_TYPE WHERE payment_type='Check'), "2020-01-23", (SELECT Order_ID FROM ORDERS WHERE Total_balance=1223.23));
INSERT INTO PAYMENT (Payment_confirm_number, Payment_type_ID, Payment_time, Order_ID) VALUES (NULL, (SELECT Payment_type_ID FROM PAYMENT_TYPE WHERE payment_type='Mobile payment'), "2020-01-15", (SELECT Order_ID FROM ORDERS WHERE Total_balance=57716.2));
INSERT INTO PAYMENT (Payment_confirm_number, Payment_type_ID, Payment_time, Order_ID) VALUES (NULL, (SELECT Payment_type_ID FROM PAYMENT_TYPE WHERE payment_type='Credit card'), "2020-01-05", (SELECT Order_ID FROM ORDERS WHERE Total_balance=246.4));
INSERT INTO PAYMENT (Payment_confirm_number, Payment_type_ID, Payment_time, Order_ID) VALUES (NULL, (SELECT Payment_type_ID FROM PAYMENT_TYPE WHERE payment_type='Debit card'), "2020-01-24", (SELECT Order_ID FROM ORDERS WHERE Total_balance=958.43));
INSERT INTO PAYMENT (Payment_confirm_number, Payment_type_ID, Payment_time, Order_ID) VALUES (NULL, (SELECT Payment_type_ID FROM PAYMENT_TYPE WHERE payment_type='Check'), "2020-01-01", (SELECT Order_ID FROM ORDERS WHERE Total_balance=123.43));
INSERT INTO PAYMENT (Payment_confirm_number, Payment_type_ID, Payment_time, Order_ID) VALUES (NULL, (SELECT Payment_type_ID FROM PAYMENT_TYPE WHERE payment_type='Debit card'), "2020-01-26", (SELECT Order_ID FROM ORDERS WHERE Total_balance=88.54));
INSERT INTO PAYMENT (Payment_confirm_number, Payment_type_ID, Payment_time, Order_ID) VALUES (NULL, (SELECT Payment_type_ID FROM PAYMENT_TYPE WHERE payment_type='Mobile payment'), "2020-01-17", (SELECT Order_ID FROM ORDERS WHERE Total_balance=345.56));
INSERT INTO PAYMENT (Payment_confirm_number, Payment_type_ID, Payment_time, Order_ID) VALUES (NULL, (SELECT Payment_type_ID FROM PAYMENT_TYPE WHERE payment_type='Electronic bank transfer'), "2020-01-10", (SELECT Order_ID FROM ORDERS WHERE Total_balance=987.11));
INSERT INTO PAYMENT (Payment_confirm_number, Payment_type_ID, Payment_time, Order_ID) VALUES (NULL, (SELECT Payment_type_ID FROM PAYMENT_TYPE WHERE payment_type='Credit card'), "2020-01-01", (SELECT Order_ID FROM ORDERS WHERE Total_balance=11.45));
INSERT INTO PAYMENT (Payment_confirm_number, Payment_type_ID, Payment_time, Order_ID) VALUES (NULL, (SELECT Payment_type_ID FROM PAYMENT_TYPE WHERE payment_type='Electronic bank transfer'), "2020-01-11", (SELECT Order_ID FROM ORDERS WHERE Total_balance=2356.43));

INSERT INTO SUPERMARKET (Shop_ID) VALUES ((SELECT Shop_ID FROM SHOP WHERE Address='74 Wakehurst St, NJ 08037'));
INSERT INTO SUPERMARKET (Shop_ID) VALUES ((SELECT Shop_ID FROM SHOP WHERE Address='104 Santa Clara, WI 54601'));
INSERT INTO SUPERMARKET (Shop_ID) VALUES ((SELECT Shop_ID FROM SHOP WHERE Address='7813 South Woodland PA 18301'));
INSERT INTO SUPERMARKET (Shop_ID) VALUES ((SELECT Shop_ID FROM SHOP WHERE Address='8274 Glen Creek PA 15068'));
INSERT INTO SUPERMARKET (Shop_ID) VALUES ((SELECT Shop_ID FROM SHOP WHERE Address='512 Lancaster CT 06705'));
INSERT INTO SUPERMARKET (Shop_ID) VALUES ((SELECT Shop_ID FROM SHOP WHERE Address='57 N. Main NC 27292'));
INSERT INTO SUPERMARKET (Shop_ID) VALUES ((SELECT Shop_ID FROM SHOP WHERE Address='77 Van Dyke FL 34741'));
INSERT INTO SUPERMARKET (Shop_ID) VALUES ((SELECT Shop_ID FROM SHOP WHERE Address='549 Arlington NY 12804'));
INSERT INTO SUPERMARKET (Shop_ID) VALUES ((SELECT Shop_ID FROM SHOP WHERE Address='952 Talbot, IN 47711'));
INSERT INTO SUPERMARKET (Shop_ID) VALUES ((SELECT Shop_ID FROM SHOP WHERE Address='7220 Richardson, TX 74623'));

INSERT INTO PRODUCT (Product_ID, Product_name) VALUES (NULL, "Bubble Wrap");
INSERT INTO PRODUCT (Product_ID, Product_name) VALUES (NULL, "Jacuzzi");
INSERT INTO PRODUCT (Product_ID, Product_name) VALUES (NULL, "Breathalyzer");
INSERT INTO PRODUCT (Product_ID, Product_name) VALUES (NULL, "Chapstick");
INSERT INTO PRODUCT (Product_ID, Product_name) VALUES (NULL, "Kleenex");
INSERT INTO PRODUCT (Product_ID, Product_name) VALUES (NULL, "Popsicle");
INSERT INTO PRODUCT (Product_ID, Product_name) VALUES (NULL, "Rollerblades");
INSERT INTO PRODUCT (Product_ID, Product_name) VALUES (NULL, "Velcro");
INSERT INTO PRODUCT (Product_ID, Product_name) VALUES (NULL, "Band-Aids");
INSERT INTO PRODUCT (Product_ID, Product_name) VALUES (NULL, "Post-Its");

INSERT INTO PRICE (Price_ID, Price) VALUES (NULL, 123.23);
INSERT INTO PRICE (Price_ID, Price) VALUES (NULL, 5776.2);
INSERT INTO PRICE (Price_ID, Price) VALUES (NULL, 1246.4);
INSERT INTO PRICE (Price_ID, Price) VALUES (NULL, 9587.43);
INSERT INTO PRICE (Price_ID, Price) VALUES (NULL, 123.43);
INSERT INTO PRICE (Price_ID, Price) VALUES (NULL, 888.54);
INSERT INTO PRICE (Price_ID, Price) VALUES (NULL, 345.56);
INSERT INTO PRICE (Price_ID, Price) VALUES (NULL, 987.11);
INSERT INTO PRICE (Price_ID, Price) VALUES (NULL, 111.45);
INSERT INTO PRICE (Price_ID, Price) VALUES (NULL, 2356.43);

INSERT INTO STOCK (Stock_ID, Total_stock) VALUES (NULL, 45);
INSERT INTO STOCK (Stock_ID, Total_stock) VALUES (NULL, 124);
INSERT INTO STOCK (Stock_ID, Total_stock) VALUES (NULL, 286);
INSERT INTO STOCK (Stock_ID, Total_stock) VALUES (NULL, 500);
INSERT INTO STOCK (Stock_ID, Total_stock) VALUES (NULL, 234);
INSERT INTO STOCK (Stock_ID, Total_stock) VALUES (NULL, 444);
INSERT INTO STOCK (Stock_ID, Total_stock) VALUES (NULL, 999);
INSERT INTO STOCK (Stock_ID, Total_stock) VALUES (NULL, 888);
INSERT INTO STOCK (Stock_ID, Total_stock) VALUES (NULL, 687);
INSERT INTO STOCK (Stock_ID, Total_stock) VALUES (NULL, 111);

INSERT INTO INVENTORY_PRODUCT (Product_ID, Price_ID, Stock_ID, Shop_ID) VALUES ((SELECT Product_ID FROM PRODUCT WHERE Product_name='Bubble Wrap'), (SELECT Price_ID FROM PRICE WHERE price=123.23), (SELECT Stock_ID FROM STOCK WHERE Total_stock=45), (SELECT Shop_ID FROM SHOP WHERE Address='74 Wakehurst St, NJ 08037'));
INSERT INTO INVENTORY_PRODUCT (Product_ID, Price_ID, Stock_ID, Shop_ID) VALUES ((SELECT Product_ID FROM PRODUCT WHERE Product_name='Jacuzzi'), (SELECT Price_ID FROM PRICE WHERE price=5776.2), (SELECT Stock_ID FROM STOCK WHERE Total_stock=124), (SELECT Shop_ID FROM SHOP WHERE Address='104 Santa Clara, WI 54601'));
INSERT INTO INVENTORY_PRODUCT (Product_ID, Price_ID, Stock_ID, Shop_ID) VALUES ((SELECT Product_ID FROM PRODUCT WHERE Product_name='Breathalyzer'), (SELECT Price_ID FROM PRICE WHERE price=1246.4), (SELECT Stock_ID FROM STOCK WHERE Total_stock=286), (SELECT Shop_ID FROM SHOP WHERE Address='7813 South Woodland PA 18301'));
INSERT INTO INVENTORY_PRODUCT (Product_ID, Price_ID, Stock_ID, Shop_ID) VALUES ((SELECT Product_ID FROM PRODUCT WHERE Product_name='Chapstick'), (SELECT Price_ID FROM PRICE WHERE price=9587.43), (SELECT Stock_ID FROM STOCK WHERE Total_stock=500), (SELECT Shop_ID FROM SHOP WHERE Address='8274 Glen Creek PA 15068'));
INSERT INTO INVENTORY_PRODUCT (Product_ID, Price_ID, Stock_ID, Shop_ID) VALUES ((SELECT Product_ID FROM PRODUCT WHERE Product_name='Kleenex'), (SELECT Price_ID FROM PRICE WHERE price=123.43), (SELECT Stock_ID FROM STOCK WHERE Total_stock=234), (SELECT Shop_ID FROM SHOP WHERE Address='512 Lancaster CT 06705'));
INSERT INTO INVENTORY_PRODUCT (Product_ID, Price_ID, Stock_ID, Shop_ID) VALUES ((SELECT Product_ID FROM PRODUCT WHERE Product_name='Popsicle'), (SELECT Price_ID FROM PRICE WHERE price=888.54), (SELECT Stock_ID FROM STOCK WHERE Total_stock=444), (SELECT Shop_ID FROM SHOP WHERE Address='57 N. Main NC 27292'));
INSERT INTO INVENTORY_PRODUCT (Product_ID, Price_ID, Stock_ID, Shop_ID) VALUES ((SELECT Product_ID FROM PRODUCT WHERE Product_name='Rollerblades'), (SELECT Price_ID FROM PRICE WHERE price=345.56), (SELECT Stock_ID FROM STOCK WHERE Total_stock=999), (SELECT Shop_ID FROM SHOP WHERE Address='77 Van Dyke FL 34741'));
INSERT INTO INVENTORY_PRODUCT (Product_ID, Price_ID, Stock_ID, Shop_ID) VALUES ((SELECT Product_ID FROM PRODUCT WHERE Product_name='Velcro'), (SELECT Price_ID FROM PRICE WHERE price=987.11), (SELECT Stock_ID FROM STOCK WHERE Total_stock=888), (SELECT Shop_ID FROM SHOP WHERE Address='549 Arlington NY 12804'));
INSERT INTO INVENTORY_PRODUCT (Product_ID, Price_ID, Stock_ID, Shop_ID) VALUES ((SELECT Product_ID FROM PRODUCT WHERE Product_name='Band-Aids'), (SELECT Price_ID FROM PRICE WHERE price=111.45), (SELECT Stock_ID FROM STOCK WHERE Total_stock=687), (SELECT Shop_ID FROM SHOP WHERE Address='952 Talbot, IN 47711'));
INSERT INTO INVENTORY_PRODUCT (Product_ID, Price_ID, Stock_ID, Shop_ID) VALUES ((SELECT Product_ID FROM PRODUCT WHERE Product_name='Post-Its'), (SELECT Price_ID FROM PRICE WHERE price=2356.43), (SELECT Stock_ID FROM STOCK WHERE Total_stock=111), (SELECT Shop_ID FROM SHOP WHERE Address='7220 Richardson, TX 74623'));